  0.000000	 -0.029872	  6.143187	 -9.683387	 -5.026441	  5.849741	 -2.832535	  2.568877	 -2.096885	  3.348182	  6.681751
  0.000000	 -1.560017	  1.881711	  1.812487	  3.063625	  2.978388	 10.942988	 10.248414	 10.920506	  7.832358	 14.405872
  0.000000	  2.374814	 -0.015467	 -2.509045	 -4.436204	  5.095508	  8.132593	  3.535668	  7.561573	  8.122306	 13.762995
  0.000000	  2.353945	  4.789649	  5.796181	 -0.330630	  4.928122	  9.682890	  4.430794	  6.889482	 13.958085	 16.824449
  0.000000	  1.832786	 -3.105536	  2.416199	  2.280037	 -6.612383	  9.052895	  8.270208	 11.533485	 12.079693	 11.786561
  0.000000	  4.930975	  4.376830	  5.569133	  3.160589	  9.709583	  9.050069	  9.926504	 11.504431	  6.984972	 11.753244
  0.000000	  0.080794	  7.228142	 12.188313	-11.157556	 10.184451	 11.581703	  9.434934	 14.903891	  7.890862	 13.056140
  0.000000	  1.965096	 -5.346653	  0.650069	  3.856934	  3.659125	 11.627594	 10.097652	 10.750710	  9.647145	 11.860126
  0.000000	  6.780645	  4.222696	  2.093260	  1.168577	 11.980474	  3.751116	  5.291123	 -0.222291	  1.911168	  8.054263
  0.000000	  6.109588	  5.012732	  9.874446	  1.739599	 10.617015	 -2.200019	  3.598391	  5.531915	 -0.041041	  6.928016
  0.000000	 -2.999733	 -7.038397	 13.175205	  8.292000	 14.695920	 12.102386	  7.047968	 12.257770	  4.257156	  9.372381
  0.000000	  6.362377	  1.559631	 -5.756643	  0.643465	  3.464584	  3.588061	 -9.545506	  3.516804	 -0.798997	 14.853328
  0.000000	  7.881756	  0.465929	 13.400678	  0.535834	 11.688339	  9.984337	 10.771969	  8.632920	  8.003284	 10.843087
  0.000000	  2.972989	 -8.709793	 -0.121550	  0.666332	 10.729206	  9.077518	  7.542507	 11.107120	  9.768163	 16.142891
  0.000000	  2.534941	 -8.760165	 -0.173324	  6.368256	  6.570555	 10.665078	  9.101451	 11.429670	 10.340794	 12.634876
  0.000000	  1.460513	 -2.502500	 -4.205719	 -7.648707	 13.953521	  7.566719	  4.750122	  9.946955	  8.591941	 19.505981
  0.000000	 -0.364585	 -4.174860	  2.174466	 -7.658776	  4.306295	 18.561776	 12.374616	 12.615186	  6.535549	 10.254149
  0.000000	  2.575789	 -2.869412	  3.056989	 -9.632586	 12.772586	  6.374615	 13.073261	 14.521428	  5.724935	 17.943350
  0.000000	 10.919249	  5.227851	 18.156393	  3.627929	  6.817887	  9.705729	  9.082522	 14.221821	 11.229221	 14.127028
  0.000000	  6.545557	  0.251092	 10.369263	  2.874917	 13.080750	 12.526423	 12.249655	 14.340658	 10.639662	 14.794303
  0.000000	  5.177214	  1.072679	 13.797452	  1.809478	 13.399061	  9.338465	 11.037937	 11.060369	  5.029233	 19.310916
  0.000000	  4.807664	  2.206360	 16.193100	  4.866856	 10.379378	 15.439183	 11.483152	  7.831267	  7.263316	 12.589654
  0.000000	  4.293375	  0.842821	 12.754894	 -0.357685	 10.510530	  9.750945	  8.022239	  9.088957	  8.638348	 13.846703
  0.000000	  7.240418	  5.068975	 16.848709	 -0.650945	 10.487522	  7.707700	  7.822425	  7.381791	  2.179322	 11.733647
  0.000000	  2.736169	  1.075967	  8.047400	-14.400711	 16.937461	  5.531558	  8.641835	 13.911788	  5.532390	 16.919592
  0.000000	  5.193678	 -1.244080	  5.004315	 -6.732224	  5.815004	  7.815890	 12.512033	 11.048563	  4.561706	 15.501462
  0.000000	  1.231223	 -4.581811	  9.388763	-13.629177	 15.229936	 15.103786	 12.073206	 11.240893	  5.013340	 15.733637
  0.000000	  4.518376	  1.614778	 17.342608	 -3.011283	 18.279149	 11.223800	 12.112190	 14.032666	 10.262155	 15.222187
  0.000000	  8.860588	  3.696487	 18.338591	  4.120521	 15.026732	 14.666716	 12.890188	 10.408724	 11.861241	 10.470861
  0.000000	  4.827996	  4.307101	  8.602674	 -7.190254	  6.746156	 14.166193	 11.308170	 10.664294	  6.556841	  9.638123
  0.000000	  4.036680	  3.762985	 16.441886	  3.646087	 13.253919	 13.192808	 12.363967	 12.769393	  9.548143	 14.517840
  0.000000	  9.529616	  6.311796	 15.549004	  3.551946	 12.706353	  8.989640	 14.995101	 11.602821	  9.610882	 12.994414
  0.000000	  5.554646	  4.306577	  0.032584	-12.043666	  9.701783	  3.970616	  0.837459	  8.968854	  0.778625	 10.288279
  0.000000	 -2.219279	 -0.365465	  2.467333	 -5.813491	  5.946341	  4.974705	 -0.152184	  6.472905	 -7.433448	  7.470804
  0.000000	  0.554018	 -5.020367	  0.608055	 -1.437104	  3.707173	  2.002772	 -4.106828	  4.676245	 -6.476103	  7.625821
  0.000000	  1.126990	 -4.948998	 -2.374845	 -3.009132	 14.980882	 -1.434546	 -4.494678	  1.498134	 -8.101709	  8.419298
  0.000000	  6.610500	  1.259207	 11.436730	  5.967316	 11.256260	  9.196227	  8.004506	  4.835156	  9.153970	 10.912942
  0.000000	  1.004988	 -7.218978	  9.913982	  3.461799	 11.439118	  9.039439	  7.157532	 18.341407	 13.592083	 14.386742
  0.000000	  6.394523	  4.426581	 17.671063	 10.636618	  7.622419	  8.166628	 10.130742	  8.300500	 12.010903	 13.145084
  0.000000	  9.880137	 -2.496562	 -8.079068	 -0.997585	  8.848931	  2.333271	 -3.801803	  1.867780	  2.019695	  4.091989
  0.000000	  4.105748	 -0.969265	  9.250811	 -1.565380	  6.849893	 11.054487	 10.130029	 11.464223	  9.296763	 10.773996

  1.000000	-33.229745	-10.286119	 20.710459	-24.489146	  6.913807	-32.404017	-22.584971	 19.393444	-15.491808	 -5.842955
  1.000000	-31.870982	-14.311146	 15.281375	-24.159312	  3.346169	-32.830472	-26.099439	 19.253473	-17.414880	 -6.741202
  1.000000	-29.390751	-20.335336	 14.706962	-27.766483	 16.390919	-35.683248	-28.890079	 24.095364	-14.264818	 -1.733749
  1.000000	-30.031368	-15.686712	 18.385469	-24.481539	  9.636600	-35.595670	-27.954096	 26.237482	-14.853903	  2.403673
  1.000000	-30.497971	-22.037114	 23.150109	-22.442177	  3.466618	-35.279852	-31.917954	 18.336019	-13.838379	  1.200886
  1.000000	-30.310730	-20.536468	 18.046720	-29.844713	  4.793322	-37.748279	-30.817139	 25.431694	-11.949343	 -0.220970
  1.000000	-20.702714	-12.823525	 21.652342	-18.525306	  0.784458	-31.561784	-24.028629	 25.374548	-13.039799	  1.442601
  1.000000	-21.675666	-21.839507	 17.852116	-23.021898	  4.456559	-33.565457	-28.768649	 23.686651	-14.920753	 -2.714723
  1.000000	-32.806420	-20.426507	 24.051079	-18.169935	 14.837286	-34.984720	-32.106308	 19.315177	-13.017270	 -0.872365
  1.000000	-38.444268	-18.784256	 21.012675	-28.062488	 14.879520	-35.638083	-25.810136	 26.367998	-18.972427	  6.607283
  1.000000	-31.266920	-20.747098	 28.016786	-25.863037	  9.514416	-33.080690	-33.163390	 23.775456	-14.954287	  2.885617
  1.000000	-17.977463	-17.200858	 14.064588	-27.648589	 -2.148280	-34.438011	-29.317112	 28.373067	-16.818124	  1.370540
  1.000000	-21.921749	-21.799732	 22.305466	-20.545808	  2.792556	-32.123637	-30.366124	 23.952833	-15.377824	  6.279947
  1.000000	-20.290286	-19.431796	 15.627386	-21.012597	  7.335817	-30.932574	-29.732634	 28.309699	-12.854804	  7.353351
  1.000000	-26.351769	-21.499655	 26.831582	-25.513745	 11.840414	-32.138342	-27.100127	 26.991963	-15.377114	  5.646756
  1.000000	-12.530168	-18.292035	 13.793092	-14.703657	  0.453237	-28.107207	-36.003038	 23.072744	 -3.414581	 -1.582598
  1.000000	-16.435677	-17.914965	 14.032880	-16.887540	  1.493923	-29.873283	-31.836495	 23.395348	 -8.601140	 -2.721155
  1.000000	-28.806520	-13.456227	 28.648860	-16.485351	 10.047661	-28.381919	-27.430116	 26.159223	-16.028202	  1.492452
  1.000000	-34.181614	-11.027179	 20.179526	-25.246793	 10.936933	-40.422404	-27.491097	 24.952527	-14.570043	 11.088741
  1.000000	-36.128754	-11.581057	 25.262841	-22.934602	  9.743932	-34.444723	-25.475295	 27.641880	-12.977609	 10.668099
  1.000000	-37.420240	-10.282788	 22.238716	-19.206609	 18.824463	-41.607998	-23.624988	 28.302434	-14.415617	 13.790077
  1.000000	-31.707024	 -9.089228	 20.432264	-27.990739	  2.382870	-36.212621	-16.624839	 30.044022	-18.712564	  9.382349
  1.000000	-20.431296	-13.996403	  9.739604	-14.347892	 13.700063	-38.967143	-20.130589	 22.253275	-20.858412	 12.441627
  1.000000	-27.122616	-10.912145	 11.391748	-12.267474	 10.813004	-42.597928	-16.418458	 29.314862	-20.934270	 10.213448
  1.000000	-20.480140	 -8.522749	  9.981053	-19.639070	 10.714320	-36.925145	-16.517356	 25.629861	-19.558285	  7.941282
  1.000000	-28.009172	-11.936554	 12.208549	-16.073963	 16.722833	-37.882853	-19.407789	 22.036717	-10.212860	 19.786479
  1.000000	-22.369557	-17.227535	 17.886469	-17.661274	  5.966752	-34.498798	-16.622270	 25.118666	-12.456674	 11.400322
  1.000000	-22.113731	-17.998167	 24.494233	-12.577212	 14.149863	-32.951004	-21.394506	 25.386515	-16.685622	 15.989105
  1.000000	-28.345432	-14.330794	 17.954850	-20.125621	 11.344906	-38.270552	-17.935607	 29.132030	-24.683764	  6.328252
  1.000000	-37.338947	-21.198441	 26.832550	-27.692560	  7.673692	-30.591336	-24.485503	 24.528868	-25.987670	 -0.786268
  1.000000	-35.349937	-15.402548	 16.295525	-23.486257	 10.672408	-43.005282	-17.768699	 26.414105	-27.012540	  8.300886
  1.000000	-28.003379	-22.376857	 21.057020	-15.369639	  6.993629	-36.362036	-22.423869	 20.226305	-17.452507	  8.392162
  1.000000	-17.355165	-21.850721	 22.465353	 -7.443075	 -9.311002	-38.458145	-23.747685	 23.446729	-16.402336	  5.158394
  1.000000	-24.995122	-21.881922	 14.083193	-12.778540	  5.739827	-36.757403	-13.864954	 27.369290	-17.952703	  3.295584
  1.000000	-28.528914	-11.175741	 15.193803	-20.190941	  1.148377	-34.124316	-27.314929	 11.537239	 -7.375359	  5.935691
  1.000000	-29.451033	-17.950245	 11.686370	-12.109326	 -0.642065	-31.836412	-17.639535	 24.540653	-14.335065	  3.359647
  1.000000	-27.970598	-18.325676	 15.026843	-18.955233	  4.162795	-33.449980	-20.879983	 28.814830	-10.834443	  2.657465
  1.000000	-42.693023	 -7.201226	 18.820850	-27.526451	 17.779452	-40.988618	 -6.860953	 20.156787	-27.530489	  7.874797
  1.000000	-28.457458	 -5.641020	  3.822477	-15.525572	  4.623013	-43.893963	-17.111103	 17.933946	-15.613688	  3.213621
  1.000000	-13.924270	-20.102706	  8.505187	  0.799182	  2.736707	-41.565658	-20.515808	 28.934469	 -7.076977	  1.429824

  2.000000	-17.853862	-38.696688	 -1.433064	-12.361789	 24.316418	-17.521653	-44.484537	  2.121156	-15.290130	 29.228540
  2.000000	-16.272334	-37.281535	 10.145740	-10.633913	 23.257722	-12.482466	-40.961773	  7.991587	-13.608605	 25.770309
  2.000000	-17.831625	-36.583667	  6.648924	 -7.524416	 27.072819	-15.896092	-41.632380	  1.459290	-13.894737	 22.490700
  2.000000	-18.453367	-39.554947	  8.610692	 -7.964909	 28.640554	-15.581008	-40.370113	  3.065203	-10.616985	 24.976205
  2.000000	-20.805283	-41.019460	  6.728982	 -9.798407	 29.622030	-14.053003	-42.132167	  3.049472	-12.332652	 23.890798
  2.000000	-19.763822	-35.743710	 11.184270	-11.436564	 20.469139	-12.658205	-39.411529	  8.367267	 -9.801866	 27.150524
  2.000000	-21.272857	-40.172243	  6.735135	-10.473244	 32.402295	-13.837773	-37.686171	  8.695027	-10.936175	 28.700776
  2.000000	-19.667997	-42.161881	  6.655524	 -8.210887	 27.755020	-17.091108	-44.016443	  3.029961	-12.824654	 26.986570
  2.000000	-21.270502	-46.567302	 11.329456	-11.323257	 31.935001	-15.655521	-46.460026	  9.715482	 -7.490209	 29.112545
  2.000000	-20.526581	-39.934689	  9.725167	-14.820822	 25.883328	-18.144683	-44.888548	 10.512173	 -9.290564	 29.900183
  2.000000	-21.589882	-39.610054	 11.303268	 -7.903983	 34.233820	-15.101263	-42.791359	  1.590233	-11.348624	 27.270659
  2.000000	-21.411701	-38.552037	  2.282812	 -5.115862	 20.555907	-18.093222	-42.372102	 -0.238045	 -7.559697	 19.630627
  2.000000	-15.404732	-36.698682	 -2.810085	 -6.139172	 20.686385	 -7.684047	-36.191178	  0.139847	-11.876888	 18.882634
  2.000000	-14.260555	-39.824849	 -3.366569	-10.819922	 18.477652	 -7.458105	-37.786474	 -3.917904	-10.188899	 18.211006
  2.000000	-15.137073	-30.769272	  2.461312	-12.887641	 13.133564	-12.805493	-39.260474	  2.121166	 -6.952205	 19.752950
  2.000000	-20.867712	-40.137481	  1.171326	-10.773831	 24.020885	-13.449627	-39.246341	  4.488846	 -3.664891	 26.394716
  2.000000	-20.685594	-37.179283	  8.587676	 -2.550551	 18.283313	-10.031185	-40.347965	  6.594303	 -5.968153	 28.109773
  2.000000	-15.825001	-36.529095	  3.223955	-10.674304	 19.330894	-11.450713	-41.507436	 -3.284265	-15.349741	 19.088783
  2.000000	-22.350961	-39.933376	  1.032764	-10.677189	 21.525361	-10.141852	-36.152949	  4.682646	 -8.667725	 26.420005
  2.000000	-15.063245	-35.827625	 -2.899475	-13.215600	 10.058591	 -9.725557	-39.020831	 -0.820827	-10.108003	 22.519541
  2.000000	-13.922526	-31.309049	  9.593112	 -0.317811	 28.047503	 -8.858026	-38.971157	  2.982733	 -8.987824	 25.163806
  2.000000	-13.801402	-30.222903	  9.305235	 -5.292329	 19.004678	 -8.030995	-39.195602	  3.701141	 -7.130323	 22.114064
  2.000000	-13.305936	-31.410116	  3.197428	-15.103884	 16.818254	-11.456072	-40.856368	  0.194739	-13.668973	 23.924025
  2.000000	-18.524822	-42.088348	  4.419849	-11.245761	 29.788623	-11.972756	-41.175336	  4.221463	-13.162208	 31.535901
  2.000000	-17.362851	-40.847181	  2.006930	-16.879236	 12.372122	-12.646009	-41.920299	  3.095472	 -9.330362	 30.941046
  2.000000	-14.082054	-33.260911	 14.149197	 -4.434371	 22.473011	-15.266290	-45.197175	  2.395204	-14.381278	 24.708679
  2.000000	-17.391220	-35.973586	 11.902102	 -4.552402	 29.263801	-15.096502	-40.845999	  8.220976	-12.306449	 29.031313
  2.000000	-17.846792	-35.792207	  9.490674	 -9.299907	 17.990622	-16.229806	-39.433359	  7.172841	 -5.414633	 28.079168
  2.000000	-20.308764	-39.925165	  3.613864	 -8.276309	 18.140084	-11.003299	-41.083532	  0.597929	 -9.290595	 24.872497
  2.000000	-16.599259	-31.063784	  0.955392	 -2.571265	  8.892865	-15.070272	-36.696732	 -0.007419	 -2.754267	 18.685480
  2.000000	-23.746919	-36.096992	  5.741779	 -0.589466	 11.481428	-11.839034	-37.372354	  2.858489	 -2.229851	 16.567741
  2.000000	-19.690324	-30.925695	 -1.086537	 -6.713915	  7.750404	-10.641145	-36.402005	  0.691698	  1.677519	 21.717001
  2.000000	-13.321237	-35.274004	 -1.130274	 -3.619265	 11.103564	 -9.780040	-37.034176	 -6.613393	 -7.150885	  9.507924
  2.000000	-15.582753	-30.481085	  4.579533	 -9.498279	 17.157718	-13.225759	-38.235216	  0.298338	 -7.235378	 16.531119
  2.000000	-15.856059	-37.428701	 -3.053533	-19.108644	 22.677842	-12.493680	-41.434055	 -7.308375	-22.403941	 27.188805
  2.000000	-12.876747	-36.105467	  0.961698	-14.458887	 13.701533	 -7.895455	-37.682897	 -3.660391	-16.041201	 19.881784
  2.000000	-15.397857	-40.529938	  2.769208	-14.900550	 20.589338	-11.424343	-38.914597	  0.679190	-16.526239	 20.456344
  2.000000	-10.495970	-32.348604	  1.892412	-12.661232	 19.350702	-11.195749	-36.660131	  0.457351	-17.953003	 17.498781
  2.000000	-15.739179	-40.355089	  1.382895	-16.106169	 19.284057	-13.043994	-39.702753	 -5.888598	-20.547028	 16.466357
  2.000000	-17.147034	-33.756345	  4.682336	-21.874429	 12.188207	-15.061444	-37.715452	  5.071141	-18.305724	 16.162711
  2.000000	-14.028627	-44.275786	  1.610231	-20.301030	 16.033392	 -7.691793	-37.478293	  8.167196	-13.532927	 21.928065
  2.000000	-11.964993	-35.239900	  1.727036	-18.876681	 15.982055	 -5.730617	-32.266124	  0.130049	-16.143696	 17.517909
  2.000000	-12.473458	-35.690710	 -0.382809	-18.521868	 15.206218	 -8.281236	-35.157310	 -3.473046	-18.980997	 15.606155
  2.000000	 -8.470566	-34.675827	  0.176858	-14.431868	 17.734582	 -7.405205	-35.932278	 -3.894231	-14.071226	 15.118182
  2.000000	-15.606151	-35.387114	 -5.557690	-16.496698	 15.046820	 -9.790638	-33.095221	 -6.610130	-17.816235	 18.122271
  2.000000	-16.626370	-38.351539	 -3.438954	-16.424493	 10.971143	-12.299472	-35.853773	 -7.217509	-14.107029	 19.791198

  3.000000	-41.344963	-11.777684	 16.048771	-33.916764	 11.574444	-37.151516	-17.656042	 24.525434	-31.056004	 10.275886
  3.000000	-42.456806	-15.857268	 20.782335	-36.178247	 15.233500	-37.380871	-18.265408	 28.521006	-31.260369	 11.680376
  3.000000	-37.288309	-15.797320	 17.480871	-38.520010	 20.295233	-36.108214	-30.385596	 24.358166	-25.976544	  3.044173
  3.000000	-39.420256	-10.446436	 22.871530	-37.781101	 25.206934	-36.312161	-21.471518	 28.452020	-32.721887	 12.008111
  3.000000	-34.342310	-22.450954	 20.868935	-24.875418	  6.943604	-34.138170	-24.244849	 23.669851	-24.884441	  4.666126
  3.000000	-37.778988	-13.060555	 13.520717	-25.245068	  7.574435	-34.572208	-24.062588	 21.184776	-20.453182	  2.666661
  3.000000	-40.691384	-12.433060	 14.020118	-30.970085	  6.929071	-37.661769	-21.632119	 19.230554	-23.525221	 -0.567125
  3.000000	-36.662853	-15.198114	 18.198530	-23.873674	  4.482371	-32.862792	-25.008113	 20.263481	-19.978620	 -0.713977
  3.000000	-43.991639	-13.753177	 18.347179	-25.250228	 10.503904	-37.914192	-18.644713	 18.743239	-24.134499	  7.840100
  3.000000	-40.645538	 -5.335513	 15.931031	-31.738565	 11.035389	-38.254748	-13.926861	 21.702443	-29.941995	  7.220849
  3.000000	-42.864241	 -7.901497	 10.391856	-26.426205	 12.180419	-38.354392	-17.726151	 16.292685	-26.336959	  6.369160
  3.000000	-41.440088	-11.426282	 18.840200	-31.177252	  9.906231	-37.927141	-15.289605	 21.753316	-27.548502	  4.235081
  3.000000	-41.143857	 -9.996617	 12.280607	-35.478961	 16.532348	-42.529413	-15.617817	 22.257199	-30.844203	 15.741523
  3.000000	-41.418090	-16.209532	 30.847360	-26.950251	 14.597429	-42.208305	-21.811593	 31.233118	-32.003293	 14.884975
  3.000000	-37.237316	-16.397533	 23.178169	-37.391460	 13.112365	-33.401397	-24.635399	 25.586243	-27.884838	  5.264378
  3.000000	-36.875111	-14.719926	 14.570802	-30.765692	 16.176318	-38.727495	-21.587734	 23.371227	-26.040619	  8.391121
  3.000000	-38.347301	-16.122287	 30.269500	-29.127581	 10.669947	-33.390188	-17.964479	 34.507034	-30.275500	 10.558982
  3.000000	-35.722607	-17.638407	 16.711449	-35.709153	 19.274947	-39.317325	-19.079208	 27.710738	-29.541516	 15.374117
  3.000000	-31.813607	-15.584383	  9.494419	-39.515087	 14.113368	-35.542502	-24.404315	 22.610488	-29.583018	  8.545123
  3.000000	-33.151997	-12.300096	 21.816961	-33.141878	 20.307743	-35.990867	-20.967688	 22.582141	-33.458048	 16.380694
  3.000000	-36.645821	-24.873867	 15.182732	-36.157949	 23.662911	-35.310472	-24.276176	 27.658557	-29.102236	 16.244242

  3.000000	-30.536998	-10.793341	  9.266510	-27.470153	 10.513997	-37.040148	-13.752156	 22.186388	-25.933651	 12.459228
  3.000000	-38.877268	-14.067590	 20.350160	-32.721635	  9.407544	-37.679841	-15.766664	 21.005008	-32.324320	 10.748997
  3.000000	-35.608268	-17.834854	 23.522098	-37.512769	 16.869041	-34.696075	-21.863268	 27.688126	-31.930327	 14.717056
  3.000000	-31.050320	-16.283991	 15.020124	-35.081802	 15.033654	-35.388216	-16.612817	 20.323584	-24.861020	 12.058399
  3.000000	-36.085912	-18.087900	 23.028216	-40.178187	 15.911711	-36.294575	-20.588924	 30.045992	-34.995367	  7.156442
  3.000000	-36.841818	-13.209618	 18.935202	-31.248695	 13.924820	-39.025463	-24.449835	 24.367998	-23.576357	 10.127960
  3.000000	-38.800447	-10.672550	 20.839249	-36.334221	 19.141961	-41.821730	-17.433026	 28.634490	-30.095580	 13.716344
  3.000000	-37.680815	-28.174832	 17.346747	-14.506628	 11.931542	-27.045897	-42.638000	 11.731238	 -8.627143	 26.602292
  3.000000	-40.658731	-18.526016	 26.543954	-25.381323	 11.609966	-33.991491	-33.183032	 23.782537	-14.083466	 10.849180
  3.000000	-34.698511	-16.714541	 30.251734	-29.213681	 11.070063	-35.029854	-25.002855	 27.704461	-20.533254	  7.558830
  3.000000	-34.135966	-22.984995	 22.734624	-29.457684	  3.690470	-30.757119	-35.709189	 20.972358	-10.560750	  7.692265
  3.000000	-34.982949	-25.488360	 24.246276	-22.106079	  1.571650	-31.522789	-37.185492	 26.115399	 -8.646305	  5.199323
  3.000000	-38.058595	-20.248947	 21.271314	-21.763406	  6.893350	-31.402736	-33.803052	 23.539210	 -7.539891	 16.491920
  3.000000	-34.640808	-13.935053	 22.064467	-26.790613	 14.115077	-34.113646	-34.254408	 20.686112	-15.256918	 10.897021
  3.000000	-41.483059	-15.228281	 19.729459	-24.088757	 15.582959	-37.968589	-19.010365	 26.145022	-23.333243	 14.893707
  3.000000	-39.731069	-25.634948	 32.326427	-23.111645	 15.734322	-39.930254	-28.291871	 31.488392	-26.344173	 13.352874
  3.000000	-33.255226	-22.787615	 21.275221	-13.968644	 11.773971	-29.508482	-40.418987	 14.836123	 -7.277124	 22.876120
  3.000000	-38.575314	-17.347683	 30.641343	-20.706545	  7.075260	-36.086873	-25.775736	 21.068345	-21.129403	  4.691352
  3.000000	-34.480387	-13.726318	 21.357338	-33.929463	  8.673366	-38.859670	-19.131941	 26.533124	-27.412108	 10.841839
  3.000000	-38.681707	-24.343788	 25.615109	-18.762550	  9.057588	-36.228053	-32.717606	 28.117558	-16.028585	 10.921676
  3.000000	-37.871068	-24.955273	 26.001603	-18.788438	  7.830745	-32.207901	-34.080522	 20.013374	-13.079854	 10.190921

  4.000000	 18.561380	-16.621915	-20.095063	 -5.196037	 -7.226254	 23.712565	 -5.912441	-26.116992	 -6.141937	 -2.766679
  4.000000	 19.415978	 -8.977587	-12.260381	 -4.935752	-11.626975	 19.975951	 -5.833257	-32.113653	 -3.226015	 -2.495701
  4.000000	 23.962315	  3.057752	-23.247982	 -2.245021	 -4.769684	 20.166421	  6.494464	 -9.727838	  0.253417	 -3.932517
  4.000000	 22.408736	  7.792150	-17.932653	 -9.746210	-25.302933	 19.897644	  8.471256	-10.699801	-10.525029	-23.216432
  4.000000	 10.709407	  4.156309	  0.801217	 -7.929100	 -4.084473	 22.245334	  8.439271	-20.467388	-15.723489	-20.863629
  4.000000	 22.691676	  1.794943	-11.424799	  1.481019	 -6.344428	 26.281803	 -1.781681	-18.667225	  3.171483	-11.225703
  4.000000	 18.847716	  3.422813	-11.178392	-14.037739	-21.084554	 24.919798	  4.655710	 -9.558091	 -5.330652	-10.985166
  4.000000	 17.331798	 -3.372714	 -7.557444	 -5.001263	-12.366211	 21.564061	 -6.701131	-29.043797	 -2.125015	 -2.567282
  4.000000	 19.949432	 -1.089073	-20.717785	-13.259611	-14.420867	 21.859032	  6.513950	-23.453622	-15.046595	-13.419793

  4.000000	 15.155167	 -3.042517	-13.763450	-11.752335	-10.963519	 18.686133	 -0.224383	-28.054895	 -7.799513	 -9.854468
  4.000000	 19.436415	-18.025788	-19.213017	 -1.828554	 -7.228476	 24.141518	 -2.166702	-27.496776	 -1.917477	 -4.037413
  4.000000	 20.924020	-11.550735	-11.556956	 -5.950917	 -3.639109	 21.871895	 -6.280575	-17.530505	 -5.266111	 -6.265438
  4.000000	 13.498787	 -8.555700	 -7.569758	-11.560210	 -0.427778	 18.960919	-10.924397	-34.595664	-13.145492	 12.781016
  4.000000	 22.017344	 -0.251303	-27.855607	-17.892336	 10.458741	 20.227935	  0.787395	-11.822502	 -7.780634	 -8.853937
  4.000000	 18.438781	 -6.968759	 -7.805549	-17.978370	 -9.462525	 15.846351	-12.658004	-42.976025	-24.479962	  1.075916
  4.000000	 14.056817	  8.586834	-26.026862	-18.735460	-24.885899	 19.774293	  1.645844	-17.273018	-15.908829	-14.729818
  4.000000	 19.074414	-12.997716	-18.418774	 -7.802069	 -5.541858	 22.029804	 -6.415355	-28.555100	-18.863555	 -1.542468
  4.000000	 18.133840	-13.300924	-11.833494	 -8.384221	 -8.481047	 18.166858	 -3.894287	-29.086966	-20.636441	 -3.798236
  4.000000	 21.016829	-18.711042	-26.715431	 -9.321815	 -5.766912	 25.026373	-10.434579	-23.508262	-11.019618	 -0.162502
  4.000000	 13.938236	 -9.827297	 -9.272854	-15.009190	 -8.609603	 22.627599	 -6.079206	-24.857491	-12.380442	 11.082825
  4.000000	 19.075265	-13.780544	-20.344100	-12.257118	  0.391777	 19.724621	 -6.043505	-35.713628	-13.669060	  7.404678
  4.000000	 19.084439	 -3.155702	-31.372012	-15.772883	 15.096292	 21.981423	  0.542104	-29.887043	-20.617346	  9.040282
  4.000000	 28.547352	  2.699212	-28.731674	-21.130904	  8.136954	 22.911441	  3.292327	-12.423820	-11.592139	 -7.603905
  4.000000	 21.696038	  6.728447	 -1.680140	 -1.740319	 -0.818843	 19.272545	  7.818258	 -1.811902	 -2.988170	 -1.459854
  4.000000	 24.263990	 -1.293293	-10.540538	-20.942356	 -5.529976	 24.270116	 -1.279920	-19.962785	-22.385651	  0.972412
  4.000000	 22.753580	-10.713318	 -9.306467	 -9.707406	-12.597698	 25.994667	  0.286627	-16.976895	-12.120354	 -0.587393
  4.000000	 23.196289	-12.686990	-17.761003	-13.684695	-10.856918	 27.474848	 -5.578661	-27.931052	-15.260964	 -0.112781
  4.000000	 21.335802	-14.302329	-16.902073	-12.788860	  1.056256	 22.742139	 -8.006783	-23.624828	 -9.685942	  3.888676
  4.000000	 18.550286	-22.519585	-15.674621	 -4.383255	  3.545576	 24.776300	 -5.973876	-23.506720	-11.611821	  4.618936

  0.000000	 -2.801323	  2.178134	 -1.866485	-13.173091	 13.247834	 -0.098849	 -0.075569	 -2.010172	 -4.303593	 17.045067
  0.000000	  4.199172	  0.327644	  3.762112	-13.060326	  9.483893	 -2.599697	  0.766545	  3.581642	 -0.716747	  4.591087
  0.000000	  3.066957	 -6.517767	 -7.359077	  0.088097	 -2.504820	 -0.901662	-10.041574	  2.160413	 -6.357459	  4.586307
  0.000000	  4.551613	 -0.252229	 10.221726	 -1.407970	  6.230908	 -0.793547	 -5.483406	  3.325131	  0.170505	  4.545101
  0.000000	  4.504654	 -4.483817	 10.921373	 -1.042842	  9.908509	  1.060687	 -2.768857	  6.315580	  3.317700	  3.790711
  0.000000	  7.626935	  6.230469	 15.082895	  9.391723	 11.654053	  8.449638	  8.758324	  3.962797	  4.354968	  8.195209
  0.000000	  4.478162	 -0.786475	 -8.020145	  1.336300	  7.798091	  3.851329	 -6.708164	  4.658375	 -6.571587	 10.672925
  0.000000	 -2.386353	  2.597573	  2.445636	-16.572470	 17.685572	  0.674820	 -5.858136	  2.045231	-10.915861	 13.876935
  0.000000	  9.445468	  7.286645	 13.468108	  7.948577	 11.418377	 10.269497	 10.009400	  8.087401	  8.941561	 11.632876
  0.000000	  4.438828	  1.216106	 -2.882913	  0.121082	 15.206236	  1.290074	 -7.749875	  7.471624	 -9.123434	  6.708600
  0.000000	  5.835652	 -3.050991	 -4.893692	 -8.906573	 12.710234	  3.176063	  1.678900	  6.883835	  1.441838	  8.843992
  0.000000	  1.372606	  6.322544	 16.430396	  4.292096	 10.101648	  0.409596	  8.258760	 10.869983	  3.410169	 13.205629
  0.000000	  6.439221	  1.584546	  7.652236	 -2.833878	 17.309222	  7.696595	  9.724824	  7.599308	  6.991562	 12.834176
  0.000000	  8.307811	  0.466909	 14.207314	  4.301659	 17.659377	  9.983251	  9.483025	  6.103794	  6.448895	 14.010586
  0.000000	  0.942324	-10.438471	  2.156823	 -7.433851	 18.562590	  9.847784	  9.505573	 12.688477	  9.072138	 13.359636
  0.000000	  7.325264	  3.228015	 14.887929	  8.686868	 11.152257	  8.319124	  9.562167	  6.122312	  6.287507	 15.545259
  0.000000	  2.839446	  1.965403	 -7.416705	 -3.434407	 12.576508	 -2.246921	 -4.850160	  2.435460	 -2.392802	 13.629810
  0.000000	  7.331023	  1.354509	 -6.063906	 -0.351492	  4.391293	  1.030955	 -5.778575	  2.041648	-10.588739	 10.722429

  1.000000	-32.249973	-12.123764	 12.425839	-19.049386	  6.453620	-42.570379	-22.312356	 18.404453	-10.699953	  3.750495
  1.000000	-33.865127	-18.173843	  4.675974	-16.821434	  3.532879	-40.761762	-18.913158	 15.828811	-17.161335	 12.481699
  1.000000	-22.955868	-16.199200	  5.210854	-12.991310	 12.865323	-27.773993	-17.736176	 27.244998	-10.302616	  7.814183
  1.000000	-13.246214	-12.298917	  9.294852	-16.181434	  2.413430	-33.226804	-27.426199	 23.533502	-15.892272	  5.531447
  1.000000	-22.349926	-26.851877	 16.906715	 -9.729877	 14.378982	-27.579493	-29.817778	 20.037301	 -7.033513	  5.734530
  1.000000	-18.530270	-15.880599	 14.132798	-11.411075	 16.650823	-27.369322	-29.810297	 21.095304	 -6.343252	  7.949971
  1.000000	-12.451331	-19.983364	 11.320989	-12.207684	 12.268603	-31.676060	-32.903815	 17.666093	-10.337432	  3.063738
  1.000000	-24.489794	-15.597014	 21.488046	-12.592151	 13.376526	-28.764713	-31.922695	 21.340773	-11.181404	 11.408348
  1.000000	-17.125406	-18.536617	 10.379384	-19.905341	  5.535251	-28.230571	-30.648180	 16.829293	 -7.225804	  9.199801
  1.000000	-18.504432	-25.977723	 13.348727	-14.151789	  7.798406	-21.003535	-33.245216	 11.556275	 -8.734368	 15.139439
  1.000000	-16.141574	-18.203855	 11.876592	 -7.695265	 12.989612	-28.509691	-36.451575	 18.443009	 -3.169599	 12.078242
  1.000000	-16.413609	-21.942628	 16.139297	-13.793520	  9.216910	-25.289701	-33.787636	 18.195415	 -7.911476	 13.454118
  1.000000	 -7.882637	-11.821192	  6.624034	 -4.419373	  8.113361	-29.054103	-30.898012	 17.427014	-15.240946	 11.053979
  1.000000	 -6.681726	-14.210048	  2.291168	 -3.980711	 16.809946	-30.859226	-28.926711	 21.502689	-11.803538	  6.839715
  1.000000	-13.013685	-14.842274	 14.102207	-14.962835	  7.033989	-26.675371	-33.983740	 18.178839	-10.118969	 10.969430
  1.000000	-12.767264	-19.041776	 13.117818	-14.553313	 18.762238	-29.974716	-33.300334	 15.196272	-24.648690	  0.682077
  1.000000	-13.714154	-21.341494	 12.703019	-19.391227	  3.763060	-26.193820	-36.340903	 16.890807	 -7.894205	 16.244456
  1.000000	 -7.435579	-21.127098	 11.229460	 -5.686227	 15.223047	-28.834073	-28.857498	 20.138020	-10.566743	 13.482109
  1.000000	-15.218266	-16.374664	 16.229140	-12.862394	  9.927766	-28.551144	-32.529238	 20.550682	 -5.067576	 11.086276
  1.000000	-18.641957	-13.096838	  5.666927	 -8.579237	  6.769789	-36.540803	-26.272155	 22.755750	-12.452633	  9.776619
  1.000000	-13.498077	-12.252761	 -1.286031	 -6.977036	  3.472335	-37.896558	-25.414033	 23.514009	-17.705883	  6.726149
  1.000000	-12.394992	-12.303758	 -0.313858	-12.323632	  8.630911	-34.891118	-21.888846	 27.345141	-17.009919	 10.258698
  1.000000	-15.929398	-20.721606	  7.382977	-11.686862	 14.329037	-31.027270	-24.148217	 19.730318	-18.003493	  4.121577
  1.000000	-12.227282	-12.376675	  9.166625	  2.845830	  9.310664	-37.905921	-26.398520	 22.036459	 -9.942937	  7.055936

  3.000000	-38.927218	-11.589086	 14.079888	-16.547251	  4.122894	-40.866763	-22.727053	 22.797047	-20.208034	  5.769338
  3.000000	-41.140458	-21.226192	  8.155348	-18.893687	  6.119674	-37.128375	-25.456254	 15.708650	-15.239382	  8.796740
  3.000000	-40.173561	-18.718207	  7.779335	-18.250339	  8.853262	-36.579553	-26.098498	 16.732708	-15.924142	 11.695023
  3.000000	-44.892814	-16.938907	  7.530564	-21.529789	  7.617337	-36.905288	-24.395219	 17.654079	-14.218461	 12.745920
  3.000000	-31.185577	-12.826916	 12.827029	-17.831412	  6.408105	-32.413180	-26.943356	 15.943661	 -5.864666	  4.074493
  3.000000	-35.772138	-10.891327	 13.689298	-27.519869	 15.371292	-37.512836	-22.899935	 16.849587	-15.303931	  7.689873
  3.000000	-41.362481	-19.608382	 13.158351	-10.811405	  9.056894	-38.580119	-21.385719	 16.748474	-12.288963	  9.933908
  3.000000	-43.171887	-12.206907	 13.602857	-15.501858	 10.401864	-40.001827	-19.089904	 14.181736	-11.216583	 11.796721
  3.000000	-43.009774	-10.359237	 20.871975	-19.616176	 10.804847	-36.549578	-25.223353	 17.934778	-12.245941	 10.150959

  3.000000	-36.065295	-11.856198	 18.543236	-18.255067	  2.214188	-39.146478	-18.795052	 24.830881	-17.158242	 -3.260198
  3.000000	-41.257602	-15.044818	 11.768364	-17.115695	 -2.957380	-37.793619	-18.539270	 21.242371	-15.616267	 -1.310726
  3.000000	-40.728708	-19.161839	 12.391812	-10.453181	  3.362705	-35.965263	-28.952071	 14.474205	 -8.664541	 -0.825448
  3.000000	-40.209995	 -8.585472	 22.856096	-26.522372	  7.305707	-40.037651	-10.309239	 29.341369	-28.202255	  5.957915
  3.000000	-42.182355	 -7.133642	 17.222443	-25.290244	  7.089646	-39.593393	-10.448630	 25.203057	-30.710873	  5.346444
  3.000000	-42.238114	 -8.351341	 18.771100	-25.812085	  1.688545	-41.413941	 -7.566684	 22.746382	-26.210337	  8.541334

  2.000000	-20.369969	-31.827320	 -6.365609	-10.801953	 18.921846	-15.090326	-37.323140	 -5.604638	-10.534060	 22.505306
  2.000000	-20.235657	-33.014252	 -5.115445	-14.430542	 17.645795	-14.884037	-36.363428	 -4.053834	-13.602077	 21.702514
  2.000000	-19.068645	-32.115530	 -0.052180	-14.849217	 24.771150	-13.157094	-38.083013	 -4.130335	-17.837093	 25.555393
  2.000000	-20.657882	-30.468463	 -7.742473	-12.215144	 19.034335	-14.683634	-33.122202	-10.072103	 -9.470185	 19.734305
  2.000000	-19.149369	-39.427672	 -6.664863	-13.382446	 11.364777	-13.658441	-41.349557	 -5.081706	-12.897476	 18.069558
  2.000000	-16.310628	-35.693239	 -7.291758	 -7.188223	 12.455348	-13.147849	-38.631071	 -7.826987	-10.669792	  8.861245
  2.000000	-16.895717	-31.250107	-10.300712	 -7.505842	 17.792872	-14.074010	-35.511815	 -8.942809	-11.927176	 15.150837
  2.000000	-19.714630	-33.668046	-13.545760	 -8.214898	 10.035851	-18.691642	-39.213675	-12.592817	-11.011269	 17.304796
  2.000000	-20.374014	-36.277515	 -6.653632	 -5.865822	 10.862411	-19.603865	-38.295801	 -8.076540	 -6.071736	 17.455619
  2.000000	-21.098504	-31.695608	 -3.970026	 -5.446786	 18.834736	-19.370582	-35.632877	 -9.202148	 -7.478788	 20.239747

  4.000000	 20.479768	 -8.675440	-27.126251	-16.059914	 -4.876914	 22.764688	 -0.496357	-20.760299	-11.047224	 -5.098743
  4.000000	 16.709027	-20.871898	-16.642372	 -7.943178	-11.068381	 23.311271	-16.326083	-31.642014	 -4.678715	  2.565776
  4.000000	 21.740521	-11.588649	-21.444648	 -2.572076	 -4.507916	 24.747331	-11.699340	-26.984377	  3.210995	 -3.315923
  4.000000	 21.678998	-12.281119	-22.068805	 -6.316878	-14.380308	 27.056757	-12.427637	-26.378504	 -0.278236	 -6.254098
  4.000000	 19.135818	-21.487026	-25.273754	  4.979284	  5.437874	 20.653749	-22.837907	-40.834725	-12.195212	 12.186887
  4.000000	 28.206817	-26.932311	-40.510313	 12.806160	 16.273100	 26.162430	-14.466273	-25.838308	 -2.141228	  0.503013
  4.000000	 26.332742	-23.914073	-34.150574	  9.465032	  9.080705	 24.195447	-18.279101	-33.095615	  3.002493	  8.947778
  4.000000	 22.903597	-27.620881	-19.730720	  7.024437	  6.973965	 24.463500	-16.272404	-31.235406	 -3.795039	  5.755853
  4.000000	 25.511539	-20.536769	-32.016678	 -2.800484	 10.359065	 26.209324	-17.174697	-29.977675	 -5.754542	  0.088279
  4.000000	 18.952816	-26.916800	-22.059778	  3.083288	  2.810271	 26.549685	-13.677570	-24.087871	  4.791289	  2.133891
  4.000000	 20.327591	-13.108894	-17.003099	 -6.537806	 -2.761409	 25.302053	-11.099889	-25.388115	 -0.428106	 -0.753115
  4.000000	 23.708742	-17.471749	-21.258218	  1.657135	 -9.333840	 28.075328	-12.945004	-26.019666	  0.627060	 -4.922288
  4.000000	 26.432132	 -6.619273	-17.877234	  2.028882	-19.111158	 28.308101	 -2.294770	-25.304023	 -0.462433	 -7.920826
  4.000000	 25.532877	-11.661404	-14.473169	  0.561808	-13.039697	 29.778096	 -9.651368	-21.343127	 -1.052977	-12.395937
  4.000000	 17.358505	 -2.618766	 -8.600104	-15.898154	 -9.910742	 24.651618	 -3.917773	-19.967727	-17.476058	-17.426027
  4.000000	 24.980732	-13.056511	-15.471955	 -1.703650	-10.899337	 25.046874	 -6.349633	-14.650452	  4.345010	-12.328095
  4.000000	 17.805867	-21.858231	-26.542567	-17.128605	-11.054034	 27.525314	 -8.501113	-28.238709	 -7.774460	 -0.742379
  4.000000	 22.743924	 -9.381950	-21.135272	-15.161861	-12.033790	 23.397118	  2.415697	-24.798751	-11.961207	 -8.980852
  4.000000	 28.873637	-18.371008	-21.170618	  0.349660	 -7.649613	 25.137342	 -8.918085	-19.108206	 -1.211867	-15.599266
  4.000000	 21.400988	-13.946886	-10.374572	  0.386966	-13.219777	 26.743830	 -9.246060	-17.842967	  4.887258	 -8.229734
  4.000000	 20.513550	 -7.053305	-13.128460	 -9.751186	 -9.894628	 24.897967	 -4.515357	-13.516022	 -0.048258	-10.598839
  4.000000	 23.247084	-13.885463	-13.050829	  0.390492	 -6.946876	 25.815699	 -9.619889	-16.008259	  5.095036	 -9.009867
  4.000000	 29.184782	 -9.784470	-12.988771	 -4.643717	 -7.466635	 29.067702	 -7.366549	-17.721543	 -2.341368	 -6.837803
  4.000000	 28.305695	 -4.836229	-19.805940	 -0.367903	 -9.668438	 27.104161	 -4.412341	-13.264013	 -2.494307	-14.937382

